{
  "lang":"en",
  "name":"pipeline",
  "version":"0.0.0",
  "spacy_version":">=3.7.2,<3.8.0",
  "description":"",
  "author":"",
  "email":"",
  "url":"",
  "license":"",
  "spacy_git_version":"a89eae928",
  "vectors":{
    "width":0,
    "vectors":0,
    "keys":0,
    "name":null,
    "mode":"default"
  },
  "labels":{
    "textcat":[
      "business",
      "politics",
      "entertainment",
      "sport",
      "tech"
    ]
  },
  "pipeline":[
    "textcat"
  ],
  "components":[
    "textcat"
  ],
  "disabled":[

  ],
  "performance":{
    "cats_score":0.9721811951,
    "cats_score_desc":"macro F",
    "cats_micro_p":0.972899729,
    "cats_micro_r":0.972899729,
    "cats_micro_f":0.972899729,
    "cats_macro_p":0.9720014665,
    "cats_macro_r":0.9727967063,
    "cats_macro_f":0.9721811951,
    "cats_macro_auc":0.9989725556,
    "cats_f_per_type":{
      "business":{
        "p":0.9642857143,
        "r":0.9642857143,
        "f":0.9642857143
      },
      "politics":{
        "p":0.9846153846,
        "r":0.9411764706,
        "f":0.962406015
      },
      "entertainment":{
        "p":0.9558823529,
        "r":0.9701492537,
        "f":0.962962963
      },
      "sport":{
        "p":1.0,
        "r":0.988372093,
        "f":0.9941520468
      },
      "tech":{
        "p":0.9552238806,
        "r":1.0,
        "f":0.9770992366
      }
    },
    "textcat_loss":0.4192604847
  }
}