{
  "lang":"en",
  "name":"pipeline",
  "version":"0.0.0",
  "spacy_version":">=3.7.2,<3.8.0",
  "description":"",
  "author":"",
  "email":"",
  "url":"",
  "license":"",
  "spacy_git_version":"a89eae928",
  "vectors":{
    "width":0,
    "vectors":0,
    "keys":0,
    "name":null,
    "mode":"default"
  },
  "labels":{
    "textcat":[
      "sport",
      "tech",
      "entertainment",
      "business",
      "politics"
    ]
  },
  "pipeline":[
    "textcat"
  ],
  "components":[
    "textcat"
  ],
  "disabled":[

  ],
  "performance":{
    "cats_score":0.9798639775,
    "cats_score_desc":"macro F",
    "cats_micro_p":0.9796610169,
    "cats_micro_r":0.9796610169,
    "cats_micro_f":0.9796610169,
    "cats_macro_p":0.9818243912,
    "cats_macro_r":0.9782785419,
    "cats_macro_f":0.9798639775,
    "cats_macro_auc":0.9989159037,
    "cats_f_per_type":{
      "sport":{
        "p":0.9718309859,
        "r":1.0,
        "f":0.9857142857
      },
      "tech":{
        "p":1.0,
        "r":0.9803921569,
        "f":0.9900990099
      },
      "entertainment":{
        "p":1.0,
        "r":0.9814814815,
        "f":0.9906542056
      },
      "business":{
        "p":0.9565217391,
        "r":0.9850746269,
        "f":0.9705882353
      },
      "politics":{
        "p":0.9807692308,
        "r":0.9444444444,
        "f":0.9622641509
      }
    },
    "textcat_loss":0.0000747669
  }
}