{
  "lang":"en",
  "name":"pipeline",
  "version":"0.0.0",
  "spacy_version":">=3.7.2,<3.8.0",
  "description":"",
  "author":"",
  "email":"",
  "url":"",
  "license":"",
  "spacy_git_version":"a89eae928",
  "vectors":{
    "width":0,
    "vectors":0,
    "keys":0,
    "name":null,
    "mode":"default"
  },
  "labels":{
    "textcat":[
      "business",
      "politics",
      "entertainment",
      "sport",
      "tech"
    ]
  },
  "pipeline":[
    "textcat"
  ],
  "components":[
    "textcat"
  ],
  "disabled":[

  ],
  "performance":{
    "cats_score":0.9113397462,
    "cats_score_desc":"macro F",
    "cats_micro_p":0.9159891599,
    "cats_micro_r":0.9159891599,
    "cats_micro_f":0.9159891599,
    "cats_macro_p":0.9279722317,
    "cats_macro_r":0.9114825034,
    "cats_macro_f":0.9113397462,
    "cats_macro_auc":0.9962902793,
    "cats_f_per_type":{
      "business":{
        "p":0.962962963,
        "r":0.9285714286,
        "f":0.9454545455
      },
      "politics":{
        "p":0.9833333333,
        "r":0.8676470588,
        "f":0.921875
      },
      "entertainment":{
        "p":1.0,
        "r":0.7611940299,
        "f":0.8644067797
      },
      "sport":{
        "p":0.9662921348,
        "r":1.0,
        "f":0.9828571429
      },
      "tech":{
        "p":0.7272727273,
        "r":1.0,
        "f":0.8421052632
      }
    },
    "textcat_loss":0.3993177659
  }
}