{
  "lang":"en",
  "name":"pipeline",
  "version":"0.0.0",
  "spacy_version":">=3.7.2,<3.8.0",
  "description":"",
  "author":"",
  "email":"",
  "url":"",
  "license":"",
  "spacy_git_version":"a89eae928",
  "vectors":{
    "width":0,
    "vectors":0,
    "keys":0,
    "name":null,
    "mode":"default"
  },
  "labels":{
    "textcat":[
      "business",
      "politics",
      "entertainment",
      "sport",
      "tech"
    ]
  },
  "pipeline":[
    "textcat"
  ],
  "components":[
    "textcat"
  ],
  "disabled":[

  ],
  "performance":{
    "cats_score":0.9699746993,
    "cats_score_desc":"macro F",
    "cats_micro_p":0.9706546275,
    "cats_micro_r":0.9706546275,
    "cats_micro_f":0.9706546275,
    "cats_macro_p":0.9705473703,
    "cats_macro_r":0.9694984409,
    "cats_macro_f":0.9699746993,
    "cats_macro_auc":0.9966029361,
    "cats_f_per_type":{
      "business":{
        "p":0.9514563107,
        "r":0.9702970297,
        "f":0.9607843137
      },
      "politics":{
        "p":0.9875,
        "r":0.9634146341,
        "f":0.975308642
      },
      "entertainment":{
        "p":0.962962963,
        "r":0.962962963,
        "f":0.962962963
      },
      "sport":{
        "p":0.9902912621,
        "r":0.9902912621,
        "f":0.9902912621
      },
      "tech":{
        "p":0.9605263158,
        "r":0.9605263158,
        "f":0.9605263158
      }
    },
    "textcat_loss":0.0002325801
  }
}