{
  "lang":"en",
  "name":"pipeline",
  "version":"0.0.0",
  "spacy_version":">=3.7.2,<3.8.0",
  "description":"",
  "author":"",
  "email":"",
  "url":"",
  "license":"",
  "spacy_git_version":"a89eae928",
  "vectors":{
    "width":0,
    "vectors":0,
    "keys":0,
    "name":null,
    "mode":"default"
  },
  "labels":{
    "textcat":[
      "business",
      "politics",
      "entertainment",
      "sport",
      "tech"
    ]
  },
  "pipeline":[
    "textcat"
  ],
  "components":[
    "textcat"
  ],
  "disabled":[

  ],
  "performance":{
    "cats_score":0.9753844168,
    "cats_score_desc":"macro F",
    "cats_micro_p":0.9762711864,
    "cats_micro_r":0.9762711864,
    "cats_micro_f":0.9762711864,
    "cats_macro_p":0.974741004,
    "cats_macro_r":0.9768172494,
    "cats_macro_f":0.9753844168,
    "cats_macro_auc":0.9997179771,
    "cats_f_per_type":{
      "business":{
        "p":1.0,
        "r":0.9552238806,
        "f":0.9770992366
      },
      "politics":{
        "p":0.9310344828,
        "r":1.0,
        "f":0.9642857143
      },
      "entertainment":{
        "p":0.9811320755,
        "r":0.962962963,
        "f":0.9719626168
      },
      "sport":{
        "p":1.0,
        "r":0.9855072464,
        "f":0.9927007299
      },
      "tech":{
        "p":0.9615384615,
        "r":0.9803921569,
        "f":0.9708737864
      }
    },
    "textcat_loss":0.0000780067
  }
}