{
  "lang":"en",
  "name":"pipeline",
  "version":"0.0.0",
  "spacy_version":">=3.7.2,<3.8.0",
  "description":"",
  "author":"",
  "email":"",
  "url":"",
  "license":"",
  "spacy_git_version":"a89eae928",
  "vectors":{
    "width":0,
    "vectors":0,
    "keys":0,
    "name":null,
    "mode":"default"
  },
  "labels":{
    "textcat":[
      "business",
      "politics",
      "entertainment",
      "sport",
      "tech"
    ]
  },
  "pipeline":[
    "textcat"
  ],
  "components":[
    "textcat"
  ],
  "disabled":[

  ],
  "performance":{
    "cats_score":0.9676628818,
    "cats_score_desc":"macro F",
    "cats_micro_p":0.9683972912,
    "cats_micro_r":0.9683972912,
    "cats_micro_f":0.9683972912,
    "cats_macro_p":0.9679233805,
    "cats_macro_r":0.9674881315,
    "cats_macro_f":0.9676628818,
    "cats_macro_auc":0.9965211483,
    "cats_f_per_type":{
      "business":{
        "p":0.9509803922,
        "r":0.9603960396,
        "f":0.9556650246
      },
      "politics":{
        "p":0.9756097561,
        "r":0.9756097561,
        "f":0.9756097561
      },
      "entertainment":{
        "p":0.9746835443,
        "r":0.950617284,
        "f":0.9625
      },
      "sport":{
        "p":0.9902912621,
        "r":0.9902912621,
        "f":0.9902912621
      },
      "tech":{
        "p":0.9480519481,
        "r":0.9605263158,
        "f":0.954248366
      }
    },
    "textcat_loss":0.0000573605
  }
}