{
  "lang":"en",
  "name":"pipeline",
  "version":"0.0.0",
  "spacy_version":">=3.7.2,<3.8.0",
  "description":"",
  "author":"",
  "email":"",
  "url":"",
  "license":"",
  "spacy_git_version":"a89eae928",
  "vectors":{
    "width":300,
    "vectors":514157,
    "keys":514157,
    "name":"en_vectors",
    "mode":"default"
  },
  "labels":{
    "tok2vec":[

    ],
    "textcat":[
      "sport",
      "tech",
      "entertainment",
      "business",
      "politics"
    ]
  },
  "pipeline":[
    "tok2vec",
    "textcat"
  ],
  "components":[
    "tok2vec",
    "textcat"
  ],
  "disabled":[

  ],
  "performance":{
    "cats_score":0.9333626069,
    "cats_score_desc":"macro F",
    "cats_micro_p":0.9355932203,
    "cats_micro_r":0.9355932203,
    "cats_micro_f":0.9355932203,
    "cats_macro_p":0.9348412698,
    "cats_macro_r":0.9335707085,
    "cats_macro_f":0.9333626069,
    "cats_macro_auc":0.9877545473,
    "cats_f_per_type":{
      "sport":{
        "p":0.9857142857,
        "r":1.0,
        "f":0.9928057554
      },
      "tech":{
        "p":0.9583333333,
        "r":0.9019607843,
        "f":0.9292929293
      },
      "entertainment":{
        "p":0.9444444444,
        "r":0.9444444444,
        "f":0.9444444444
      },
      "business":{
        "p":0.9523809524,
        "r":0.8955223881,
        "f":0.9230769231
      },
      "politics":{
        "p":0.8333333333,
        "r":0.9259259259,
        "f":0.8771929825
      }
    },
    "tok2vec_loss":44.5340600396,
    "textcat_loss":4.7405242289
  }
}