{
  "lang":"en",
  "name":"pipeline",
  "version":"0.0.0",
  "spacy_version":">=3.7.2,<3.8.0",
  "description":"",
  "author":"",
  "email":"",
  "url":"",
  "license":"",
  "spacy_git_version":"a89eae928",
  "vectors":{
    "width":0,
    "vectors":0,
    "keys":0,
    "name":null,
    "mode":"default"
  },
  "labels":{
    "textcat":[
      "business",
      "politics",
      "entertainment",
      "sport",
      "tech"
    ]
  },
  "pipeline":[
    "textcat"
  ],
  "components":[
    "textcat"
  ],
  "disabled":[

  ],
  "performance":{
    "cats_score":0.9794126625,
    "cats_score_desc":"macro F",
    "cats_micro_p":0.9796610169,
    "cats_micro_r":0.9796610169,
    "cats_micro_f":0.9796610169,
    "cats_macro_p":0.9790053923,
    "cats_macro_r":0.9800201889,
    "cats_macro_f":0.9794126625,
    "cats_macro_auc":0.99962633,
    "cats_f_per_type":{
      "business":{
        "p":0.9701492537,
        "r":0.9701492537,
        "f":0.9701492537
      },
      "politics":{
        "p":0.9811320755,
        "r":0.962962963,
        "f":0.9719626168
      },
      "entertainment":{
        "p":0.9814814815,
        "r":0.9814814815,
        "f":0.9814814815
      },
      "sport":{
        "p":1.0,
        "r":0.9855072464,
        "f":0.9927007299
      },
      "tech":{
        "p":0.9622641509,
        "r":1.0,
        "f":0.9807692308
      }
    },
    "textcat_loss":0.447990534
  }
}